scheme,N,category,operation,batch1_per_item_ms,batch1_n,batch100_per_item_ms,batch100_n,diff,margin_pct,margin,se,df,ci_low,ci_high,p_lower,p_upper,verdict,real_difference_outside_margin
BFV,2048,1,add,0.0049832,100,0.006096667,10,0.001113467,0.1,0.00049832,0.00021821414294616027,19.972812906525107,0.0007370842325722436,0.0014898497674277562,1.9719147466582293e-07,0.9946946157493818,equivalence_not_established,True
BFV,2048,1,decrypt,0.0766232,100,0.07723758,10,0.0006143799999999977,0.1,0.00766232,0.0011277194491521188,14.172803291330112,-0.0013701738755436065,0.002598933875543602,1.711828743146186e-06,1.0064126108294774e-05,equivalent_within_margin,False
BFV,2048,1,encrypt,0.36816895,100,0.3573196,10,-0.01084934999999998,0.1,0.036816895,0.006195640134826891,103.73294883438292,-0.021132104243690393,-0.0005665957563095667,2.923811865630422e-05,4.3210952334964534e-12,equivalent_within_margin,False
BFV,2048,3,add,0.00918939,100,0.010148566999999999,10,0.0009591769999999986,0.1,0.0009189390000000001,0.00022683624749382712,16.030741756056152,0.0005631938719523413,0.0013551601280476558,1.7461822278173374e-07,0.5692871402862973,equivalence_not_established,False
BFV,2048,3,decrypt,0.12304591,100,0.1265253,10,0.0034793900000000128,0.1,0.012304591,0.0005803288274754154,68.06772725378119,0.002511663032709958,0.004447116967290068,1.368865147346554e-38,7.019009844234067e-24,equivalent_within_margin,False
BFV,2048,3,encrypt,0.33439337,100,0.3466032,10,0.012209829999999977,0.1,0.033439337000000006,0.006418559408066563,107.52440363140808,0.0015604858896773061,0.02285917411032265,6.63107148015125e-11,0.0006402890586598931,equivalent_within_margin,False
BFV,2048,5,add,0.00512256,100,0.005357211,10,0.00023465099999999978,0.1,0.000512256,0.00017977644928231158,13.755353411937419,-8.238949340581478e-05,0.0005516914934058143,0.0005040437447971006,0.07261863639859789,equivalence_not_established,False
BFV,2048,5,decrypt,0.07675007,100,0.07597628000000001,10,-0.0007737899999999964,0.1,0.007675007000000001,0.0006859954936293662,104.66640211922466,-0.001912228654316613,0.00036464865431662017,2.3172232459599158e-17,2.197377820027305e-22,equivalent_within_margin,False
BFV,2048,5,encrypt,0.2518997,100,0.2608239,10,0.008924199999999993,0.1,0.025189970000000002,0.001573395436049634,18.137381899312366,0.006196951380630655,0.011651448619369332,1.0098576981561537e-14,2.472352371049043e-09,equivalent_within_margin,False
BFV,4096,1,add,0.01759503,100,0.02179404,10,0.0041990099999999995,0.1,0.0017595030000000002,0.0007396038041588634,13.667202234650505,0.00289409328618294,0.0055039267138170585,7.416964518594699e-07,0.9972846230926434,equivalence_not_established,True
BFV,4096,1,decrypt,0.26457708,100,0.2708379,10,0.00626082,0.1,0.026457708000000003,0.0019468211150944971,92.5217225402407,0.0030261960049261113,0.009495443995073889,3.644225524783199e-30,1.75848810419231e-17,equivalent_within_margin,False
BFV,4096,1,encrypt,0.882047,100,0.8873313,10,0.0052843000000000195,0.1,0.08820470000000001,0.0035633081597461025,54.830034112941945,-0.0006775521887181554,0.011246152188718194,5.122252507568533e-33,2.1595543991483857e-30,equivalent_within_margin,False
BFV,4096,1,multiply,2.7973992,100,2.719488,10,-0.07791119999999996,0.1,0.27973992000000003,0.00552466817812473,83.23666261048218,-0.08710074958039808,-0.06872165041960183,2.5529499615442354e-53,2.844976866616671e-73,equivalent_within_margin,False
BFV,4096,1,relinearize,0.55077893,100,0.5611509,10,0.010371970000000008,0.1,0.055077893,0.003311126494926621,16.304219970879252,0.004597736573364534,0.016146203426635482,4.0261193025520817e-13,1.4256582900802447e-10,equivalent_within_margin,False
BFV,4096,3,add,0.01357093,100,0.010362353,10,-0.0032085770000000007,0.1,0.0013570930000000002,0.0005299843896890271,90.03953500783861,-0.004089386408345827,-0.002327767591654174,0.9996292817898481,1.0856354727838772e-13,equivalence_not_established,True
BFV,4096,3,decrypt,0.15785205,100,0.172339,10,0.014486949999999998,0.1,0.015785205,0.001965977507982718,12.72956018912163,0.010999669657647922,0.017974230342352075,6.625196084461266e-10,0.26039660011838456,equivalence_not_established,False
BFV,4096,3,encrypt,0.68962641,100,0.7181018,10,0.02847538999999999,0.1,0.068962641,0.009244663904572414,56.064286964948025,0.013013781652959982,0.04393699834704,3.238418545894158e-15,2.627615946875826e-05,equivalent_within_margin,False
BFV,4096,5,add,0.01331489,100,0.010228998,10,-0.003085892,0.1,0.001331489,0.0005147773561394275,107.59486751721361,-0.0039399792889882965,-0.002231804711011703,0.99953928522872,3.908636825963171e-14,equivalence_not_established,True
BFV,4096,5,decrypt,0.15909853,100,0.1585028,10,-0.0005957299999999888,0.1,0.015909852999999998,0.0013178550853377255,48.883657680024996,-0.0028052824502854353,0.0016138224502854578,5.659331420585732e-16,3.5846482981977186e-17,equivalent_within_margin,False
BFV,4096,5,encrypt,0.68427286,100,0.691019,10,0.006746140000000067,0.1,0.068427286,0.0021465343647833735,85.8416723848125,0.0031768851335861456,0.010315394866413988,6.523583540766049e-53,4.105361489780725e-46,equivalent_within_margin,False
BFV,8192,1,add,0.06935211,100,0.06058034,10,-0.008771769999999991,0.1,0.006935211,0.002120960423859622,38.514909415300615,-0.012346418730906732,-0.00519712126909325,0.8040489289604059,3.2258266329552486e-09,equivalence_not_established,False
BFV,8192,1,decrypt,0.76022327,100,0.7810752999999999,10,0.02085202999999991,0.1,0.076022327,0.0067874971325157935,15.176786566339759,0.00896230077667793,0.03274175922332189,1.6663220565891207e-10,3.2613974948657455e-07,equivalent_within_margin,False
BFV,8192,1,encrypt,2.2327076,100,2.224347,10,-0.008360600000000051,0.1,0.22327076,0.014468414866176532,37.59523255202016,-0.03276025162699063,0.016039051626990528,1.29291172518632e-17,1.1249132582546318e-18,equivalent_within_margin,False
BFV,8192,1,multiply,8.3883296,100,8.102813,10,-0.2855166000000011,0.1,0.8388329600000001,0.03370820226094905,107.9154705973111,-0.34144175660763404,-0.2295914433923682,2.0862598591118114e-31,5.7697812937427435e-59,equivalent_within_margin,False
BFV,8192,1,relinearize,2.0015853,100,1.949472,10,-0.05211329999999981,0.1,0.20015853,0.022396252222757127,34.800613696057205,-0.0899592847591821,-0.0142673152408175,6.285972233536438e-08,1.8590626239898824e-13,equivalent_within_margin,False
BFV,8192,3,add,0.03861622,100,0.03860177,10,-1.4449999999999186e-05,0.1,0.0038616220000000003,0.0009019591732719918,93.96291920084518,-0.0015128137847099264,0.001483913784709928,2.377077530498298e-05,2.1074253083768544e-05,equivalent_within_margin,False
BFV,8192,3,decrypt,0.52799954,100,0.5285524,10,0.0005528599999999884,0.1,0.05279995400000001,0.0016163511708034155,76.52447056468706,-0.0021383817292451642,0.003244101729245141,2.574501858288011e-47,1.1500298404895853e-46,equivalent_within_margin,False
BFV,8192,3,encrypt,1.8864358,100,2.615647,10,0.7292112,0.1,0.18864358000000003,0.1389904927507074,9.363175621390116,0.4755464825388684,0.9828759174611315,4.1159305701885264e-05,0.9982938918282075,equivalence_not_established,True
BFV,8192,3,multiply,5.6515296,100,5.722576,10,0.07104640000000018,0.1,0.56515296,0.016897176559868058,12.586650547382458,0.041047296971605446,0.1010455030283949,1.2827595484566165e-14,2.9861871181502353e-13,equivalent_within_margin,False
BFV,8192,3,relinearize,1.202725,100,1.153982,10,-0.04874299999999998,0.1,0.1202725,0.00556448213804721,105.32128569337327,-0.057976981672108636,-0.039509018327891325,1.3040593637143237e-23,3.216323077902199e-54,equivalent_within_margin,False
BFV,8192,5,add,0.01765029,100,0.02306094,10,0.0054106499999999995,0.1,0.001765029,0.001285302154753166,9.714506212814575,0.003074123422808015,0.007747176577191984,0.00012955804232077944,0.9909285667997965,equivalence_not_established,True
BFV,8192,5,decrypt,0.33248509,100,0.3354806,10,0.0029955100000000345,0.1,0.033248509,0.0033512815439902836,19.59976980362754,-0.002790237714987603,0.008781257714987672,5.217431836590254e-10,1.0215366742301476e-08,equivalent_within_margin,False
BFV,8192,5,encrypt,1.3944912,100,1.38821,10,-0.006281200000000098,0.1,0.13944912,0.006411802756753771,25.720799983346343,-0.017221670822996887,0.0046592708229966934,6.783515955501187e-18,7.493720408369892e-19,equivalent_within_margin,False
BGV,2048,1,add,0.00490133,100,0.005454078,10,0.0005527480000000005,0.1,0.000490133,0.00020491202237323927,12.489257475961148,0.00018872423465063213,0.0009167717653493688,0.00011759445846930493,0.6175173718405058,equivalence_not_established,False
BGV,2048,1,decrypt,0.04664238,100,0.04920149,10,0.0025591100000000033,0.1,0.004664238,0.0004898222506659687,45.48231425729186,0.0017366723970386744,0.0033815476029613323,3.015706647384248e-19,4.497404798487758e-05,equivalent_within_margin,False
BGV,2048,1,encrypt,0.44039616,100,0.4640363,10,0.02364014000000003,0.1,0.044039616000000004,0.00560935158144744,13.043881286545226,0.013708906898288886,0.033571373101711176,9.43998265824931e-09,0.001498772706662465,equivalent_within_margin,False
BGV,2048,3,add,0.00951609,100,0.010221905,10,0.0007058150000000003,0.1,0.000951609,0.00031295509687098114,17.389233639869932,0.00016209643156602763,0.0012495335684339728,2.7508694512670527e-05,0.22139555494425528,equivalence_not_established,False
BGV,2048,3,decrypt,0.08587806,100,0.08557494,10,-0.00030312000000000394,0.1,0.008587806000000002,0.001438337576660057,16.484119658515514,-0.0028097746748770866,0.0022035346748770787,1.3026721998814622e-05,5.767200628870913e-06,equivalent_within_margin,False
BGV,2048,3,encrypt,0.37717332,100,0.5121147,10,0.13494138000000006,0.1,0.037717332,0.02324725453459045,9.17147509107111,0.09241706992156892,0.1774656900784312,1.800938071553677e-05,0.9988638256174693,equivalence_not_established,True
BGV,2048,5,add,0.00502905,100,0.00593558,10,0.00090653,0.1,0.000502905,0.000322679294483679,10.480376645441474,0.00032439468693732797,0.001488665313062672,0.0006282441629022318,0.88090442376006,equivalence_not_established,False
BGV,2048,5,decrypt,0.04749737,100,0.048139440000000006,10,0.0006420700000000085,0.1,0.004749737,0.0005633487154211561,39.33135636306592,-0.00030690773864684674,0.0015910477386468637,4.001412182723561e-12,4.072811390004368e-09,equivalent_within_margin,False
BGV,2048,5,encrypt,0.25544781,100,0.2846863,10,0.029238490000000006,0.1,0.025544781000000003,0.004480968880061521,9.50395675703179,0.021073681214848882,0.037403298785151126,1.9856518207317806e-07,0.7850176311425983,equivalence_not_established,False
BGV,4096,1,add,0.01824264,100,0.019845599999999998,10,0.001602959999999997,0.1,0.0018242640000000001,0.0005540738706575636,26.622978538221407,0.0006587375446561153,0.0025471824553438788,6.901896765778924e-07,0.3463877602175377,equivalence_not_established,False
BGV,4096,1,decrypt,0.26440308,100,0.17180890000000001,10,-0.09259418,0.1,0.026440308000000003,0.0047542429895061815,53.0483400222619,-0.1005532063619575,-0.0846351536380425,1.0,2.3458147675407216e-31,equivalence_not_established,True
BGV,4096,1,encrypt,1.2049505,100,1.237535,10,0.032584500000000016,0.1,0.12049505,0.00718683510214013,10.923323829407192,0.01966947633118382,0.04549952366881621,1.51550777678912e-10,5.123183850243017e-08,equivalent_within_margin,False
BGV,4096,1,multiply,0.15017415,100,0.1501673,10,-6.850000000002687e-06,0.1,0.015017415000000001,0.0053080979660654806,9.349614215820411,-0.00969593090295704,0.009682230902957034,0.00954147584425902,0.009500629373580502,equivalent_within_margin,False
BGV,4096,1,relinearize,0.73516561,100,0.6881522,10,-0.04701341000000003,0.1,0.07351656100000001,0.006961945668321872,25.60437109413862,-0.05889460803322903,-0.035132211966771035,0.00039372551132499785,5.959085325079877e-16,equivalent_within_margin,False
BGV,4096,3,add,0.01540755,100,0.010461123,10,-0.0049464270000000015,0.1,0.0015407550000000002,0.0006340286496011522,104.56948708756447,-0.005998633178430897,-0.0038942208215691056,0.9999997622956239,9.649534243008968e-18,equivalence_not_established,True
BGV,4096,3,decrypt,0.09601027,100,0.10025468,10,0.004244410000000004,0.1,0.009601027,0.0016876082535294767,11.002424405949284,0.0012137210691032163,0.007275098930896792,2.564453430487253e-06,0.004425810340264491,equivalent_within_margin,False
BGV,4096,3,encrypt,0.87253451,100,0.8920592,10,0.01952469000000001,0.1,0.08725345100000001,0.0036628817159649707,15.573500576852226,0.013118965950770542,0.02593041404922948,2.5987696877011133e-15,2.568233021230613e-12,equivalent_within_margin,False
BGV,4096,5,add,0.01007425,100,0.01184365,10,0.0017694000000000008,0.1,0.001007425,0.0005070105455739873,16.047285756633215,0.0008843785103056252,0.0026544214896943763,2.5086548380403448e-05,0.9238531465423179,equivalence_not_established,False
BGV,4096,5,decrypt,0.09797633,100,0.09730246,10,-0.000673870000000007,0.1,0.009797633,0.0008420243072710867,106.84999585774258,-0.002070990122093859,0.000723250122093845,3.319044969618315e-19,8.513477059994883e-23,equivalent_within_margin,False
BGV,4096,5,encrypt,0.89449806,100,0.9049636,10,0.010465539999999995,0.1,0.089449806,0.0025869833474461384,40.10171754996383,0.006109707377949256,0.014821372622050735,1.2048642556761147e-33,1.1026418176304234e-29,equivalent_within_margin,False
BGV,8192,1,add,0.07224985,100,0.06715337,10,-0.0050964800000000005,0.1,0.007224985000000001,0.003117552040845477,29.737107155671588,-0.010389269488574444,0.0001963094885744426,0.25002514452446783,0.00022018033783454972,equivalence_not_established,False
BGV,8192,1,decrypt,0.50409353,100,0.501528,10,-0.002565530000000038,0.1,0.050409353000000004,0.0025431620708633155,40.22715553435183,-0.006847262877424041,0.001716202877423965,7.635540663825806e-22,1.8408522238337572e-23,equivalent_within_margin,False
BGV,8192,1,encrypt,3.2336666,100,3.1601890000000004,10,-0.07347759999999948,0.1,0.32336666000000003,0.007053602242854626,34.67437688980803,-0.08539821488975091,-0.06155698511024804,4.03014843827974e-29,5.754238703345592e-36,equivalent_within_margin,False
BGV,8192,1,multiply,0.47106792,100,0.438562,10,-0.032505919999999966,0.1,0.047106792,0.006222691934220925,11.196201840633702,-0.043663264336293396,-0.021348575663706536,0.01917874619682764,2.4919253651637995e-08,equivalent_within_margin,False
BGV,8192,1,relinearize,2.2849566,100,2.275341,10,-0.009615600000000057,0.1,0.22849566000000002,0.012610331828410636,74.09146676633047,-0.030620387902411034,0.011389187902410919,4.03058480594332e-28,2.448945072617142e-30,equivalent_within_margin,False
BGV,8192,3,add,0.03920514,100,0.04174961,10,0.00254447,0.1,0.003920514,0.0023005578063475095,11.721850435192254,-0.0015639074118157705,0.006652847411815771,0.008029507134840339,0.28056459385065446,equivalence_not_established,False
BGV,8192,3,decrypt,0.35717683,100,0.4080438,10,0.05086697000000001,0.1,0.035717683,0.02828977669752037,9.131835148310898,-0.0009062775298181933,0.10264021752981822,0.006666388722316576,0.6974520193762963,equivalence_not_established,False
BGV,8192,3,encrypt,2.9275765,100,2.510291,10,-0.41728549999999975,0.1,0.29275765,0.041648314803812585,83.89669299301335,-0.4865557900825399,-0.3480152099174596,0.998169743404053,2.721565384219349e-29,equivalence_not_established,True
BGV,8192,3,multiply,0.31445862,100,0.31050079999999997,10,-0.003957820000000056,0.1,0.031445862000000005,0.012885623645132427,9.127095123358687,-0.02754123012767968,0.019625590127679567,0.030639104727387872,0.01114257538188907,equivalent_within_margin,False
BGV,8192,3,relinearize,1.4189965,100,1.4155369999999998,10,-0.0034595000000001708,0.1,0.14189965000000002,0.013658802733720374,32.28773130716565,-0.02658984904011679,0.01967084904011645,7.369086881579058e-12,2.1706839369160016e-12,equivalent_within_margin,False
BGV,8192,5,add,0.01917341,100,0.01978964,10,0.0006162300000000023,0.1,0.001917341,0.0006104732263448074,57.09757322350204,-0.0004044700536482602,0.0016369300536482648,5.594106106143954e-05,0.018690204798334647,equivalent_within_margin,False
BGV,8192,5,decrypt,0.2086393,100,0.20684560000000002,10,-0.0017936999999999814,0.1,0.020863930000000003,0.0020122557517383423,107.76086770143652,-0.005132267724180906,0.0015448677241809423,3.6733954804971033e-16,3.274073131501922e-20,equivalent_within_margin,False
BGV,8192,5,encrypt,2.9383227,100,1.817791,10,-1.1205317000000001,0.1,0.29383227,0.010380548024063999,107.0559205921738,-1.1377552271737663,-1.103308172826234,1.0,3.978626874583379e-122,equivalence_not_established,True
CKKS,2048,1,add,0.00497487,100,0.005485548,10,0.0005106779999999997,0.1,0.000497487,0.00014145838749214835,37.30184837072297,0.00027207403122119156,0.0007492819687788077,9.183343241347093e-09,0.5368980066415188,equivalence_not_established,False
CKKS,2048,1,decrypt,0.01210126,100,0.012699099999999998,10,0.0005978399999999971,0.1,0.0012101260000000002,0.0001494006279110032,63.197244655118475,0.00034844187671340403,0.0008472381232865901,2.0794037189266954e-18,6.042744574154725e-05,equivalent_within_margin,False
CKKS,2048,1,encrypt,0.40729447,100,0.41683889999999996,10,0.009544429999999937,0.1,0.040729447,0.0019439361817139907,21.179443326577474,0.006200721666285197,0.012888138333714678,8.26677888859442e-18,1.2560189382880342e-13,equivalent_within_margin,False
CKKS,2048,3,add,0.00527102,100,0.005897448,10,0.0006264279999999992,0.1,0.0005271020000000001,0.00021929569257184614,19.81178059573044,0.00024803032461143007,0.0010048256753885684,1.9528246657313857e-05,0.6722404860391924,equivalence_not_established,False
CKKS,2048,3,decrypt,0.01324251,100,0.0127389,10,-0.0005036100000000016,0.1,0.0013242510000000002,0.00020518736182702712,93.37882593326006,-0.0008444951219894497,-0.00016272487801055342,6.34693922649119e-05,2.0229671744102602e-14,equivalent_within_margin,False
CKKS,2048,3,encrypt,0.40812345,100,0.518257,10,0.11013354999999997,0.1,0.040812345,0.033481567795896096,9.028470627093666,0.04878008296360786,0.17148701703639208,0.0007297841587237637,0.9658903687051356,equivalence_not_established,True
CKKS,2048,5,add,0.00509413,100,0.00569268,10,0.0005985500000000006,0.1,0.000509413,0.0004021176680731221,10.256374131429482,-0.0001284283849689469,0.001325528384968948,0.009926587807841392,0.5855385049145878,equivalence_not_established,False
CKKS,2048,5,decrypt,0.01195133,100,0.012568190000000002,10,0.0006168600000000021,0.1,0.0011951330000000001,0.00022198227040405146,16.393103709303453,0.00022987396148269014,0.001003846038517314,1.7957835152560731e-07,0.009437377372078375,equivalent_within_margin,False
CKKS,2048,5,encrypt,0.24921973,100,0.2732157,10,0.023995970000000005,0.1,0.024921973,0.00852361212515397,9.360369563281754,0.008439435978091806,0.03955250402190821,0.00012078549856337785,0.4578908110098423,equivalence_not_established,False
CKKS,4096,1,add,0.0192068,100,0.020082589999999997,10,0.0008757899999999978,0.1,0.0019206800000000001,0.0006576395915566736,32.8250805020192,-0.00023734441923275854,0.001988924419232754,8.243968956911427e-05,0.06084069206268379,equivalence_not_established,False
CKKS,4096,1,decrypt,0.04774658,100,0.04904846,10,0.0013018800000000053,0.1,0.004774658,0.00039503458135288163,65.14201677193861,0.0006427318627287215,0.001961028137271289,1.1421042110703231e-23,5.683064368910994e-13,equivalent_within_margin,False
CKKS,4096,1,encrypt,1.0965217,100,1.092313,10,-0.004208699999999954,0.1,0.10965217000000001,0.0072499480214855624,65.78902551810792,-0.01630412670779216,0.00788672670779225,1.5621476837317863e-22,3.0413463305883523e-24,equivalent_within_margin,False
CKKS,4096,1,multiply,0.15044494,100,0.1454183,10,-0.005026639999999999,0.1,0.015044494,0.0007379502009313,100.43503272135227,-0.0062517606330880415,-0.0038015193669119563,9.243208219613773e-25,1.9980465133517475e-48,equivalent_within_margin,False
CKKS,4096,1,relinearize,0.57058187,100,0.5663491,10,-0.004232769999999997,0.1,0.05705818700000001,0.006200080208737527,22.100094281185363,-0.0148770855215983,0.006411545521598306,9.849520332890468e-09,7.107500590688269e-10,equivalent_within_margin,False
CKKS,4096,3,add,0.00915381,100,0.010833119,10,0.0016793090000000004,0.1,0.000915381,0.00046428655829185383,12.547190770627568,0.0008548133468512094,0.0025038046531487912,5.0138064617709404e-05,0.9376522933461907,equivalence_not_established,False
CKKS,4096,3,decrypt,0.02465035,100,0.025703490000000002,10,0.001053140000000001,0.1,0.0024650350000000004,0.0004883256399166439,20.13799570198728,0.0002111957487054909,0.0018950842512945112,2.71252513543617e-07,0.004492634095120466,equivalent_within_margin,False
CKKS,4096,3,encrypt,0.88896555,100,0.8472027,10,-0.04176285000000002,0.1,0.088896555,0.004666711207598588,59.49429372258032,-0.04956032516396105,-0.03396537483603899,8.054128798137835e-15,2.96308693586288e-36,equivalent_within_margin,False
CKKS,4096,5,add,0.00958286,100,0.010646371000000002,10,0.0010635110000000014,0.1,0.000958286,0.00028294346020596277,23.50961805201571,0.0005790226680385353,0.0015479993319614674,1.2374744044787964e-07,0.6433486180428665,equivalence_not_established,False
CKKS,4096,5,decrypt,0.02595376,100,0.0246239,10,-0.0013298599999999987,0.1,0.002595376,0.0002526838472690865,105.79414147228007,-0.0017491596603137365,-0.0009105603396862608,1.104010818583826e-06,2.344268425304053e-29,equivalent_within_margin,False
CKKS,4096,5,encrypt,0.83652811,100,0.830972,10,-0.005556110000000003,0.1,0.08365281100000001,0.002829535769501399,92.88721332400212,-0.010257168556766515,-0.0008550514432334897,7.511177197062087e-47,1.0528274873545395e-51,equivalent_within_margin,False
CKKS,8192,1,add,0.06342383,100,0.06354698,10,0.00012315000000000242,0.1,0.006342383,0.0027702399676071895,14.854674141987706,-0.0047363419815867995,0.004982641981586804,0.017035394905625636,0.02021571562730468,equivalent_within_margin,False
CKKS,8192,1,decrypt,0.14580342,100,0.145677,10,-0.0001264199999999882,0.1,0.014580342,0.0009492263632681261,57.661738138444285,-0.0017132530447061213,0.0014604130447061449,3.634086847103309e-22,1.6218174778954297e-22,equivalent_within_margin,False
CKKS,8192,1,encrypt,2.8146763,100,2.784455,10,-0.030221300000000006,0.1,0.28146763,0.024201419813577672,22.048422135348865,-0.07177462389542458,0.011332023895424571,2.9697522806956594e-10,4.8983947181917046e-12,equivalent_within_margin,False
CKKS,8192,1,multiply,0.53878839,100,0.4267514,10,-0.11203699,0.1,0.053878839000000005,0.003526973237803316,102.08956040815949,-0.11789147152611405,-0.10618250847388595,1.0,2.5694301333020616e-71,equivalence_not_established,True
CKKS,8192,1,relinearize,1.878788,100,1.911231,10,0.032443,0.1,0.1878788,0.011562547578062087,38.8718002040468,0.01295998806821945,0.05192601193178055,1.2754764771255749e-21,1.6907919459166006e-16,equivalent_within_margin,False
CKKS,8192,3,add,0.04193199,100,0.04065128,10,-0.0012807100000000043,0.1,0.004193199000000001,0.001189022988978002,82.13704470655574,-0.0032587894120074475,0.0006973694120074388,0.0082162367955206,7.481347426141734e-06,equivalent_within_margin,False
CKKS,8192,3,decrypt,0.09845343,100,0.09894276999999999,10,0.0004893399999999909,0.1,0.009845343,0.0010288403088983935,59.29779836043776,-0.0012298101473572395,0.0022084901473572215,1.0273941443552579e-14,3.8126525821308033e-13,equivalent_within_margin,False
CKKS,8192,3,encrypt,2.2096926,100,2.2849209999999998,10,0.07522839999999986,0.1,0.22096926,0.0474637565964268,9.062394064841621,-0.011709874469258724,0.16216667446925845,7.347778354707945e-05,0.0066175749114163115,equivalent_within_margin,False
CKKS,8192,3,multiply,0.30150349,100,0.2879083,10,-0.01359518999999998,0.1,0.030150349,0.001561219108403251,17.969844365928246,-0.016302689383292074,-0.010887690616707885,1.8294491162313076e-09,1.3960038781836498e-16,equivalent_within_margin,False
CKKS,8192,3,relinearize,1.1387812,100,1.188189,10,0.0494078,0.1,0.11387812,0.006461925101373236,29.035032671844082,0.03842860536472579,0.060386994635274215,1.282938586142211e-21,3.4323910603472097e-11,equivalent_within_margin,False
CKKS,8192,5,add,0.02153866,100,0.02042583,10,-0.0011128300000000022,0.1,0.0021538660000000004,0.0007501192261294806,51.34538422741249,-0.0023693370881143812,0.00014367708811437716,0.08559150484028767,3.187304320848587e-05,equivalence_not_established,False
CKKS,8192,5,decrypt,0.04803967,100,0.050671970000000004,10,0.002632300000000004,0.1,0.004803967,0.0014563806560841715,10.602138875383769,7.79737025997278e-06,0.005256802629740036,0.00019136905474093088,0.0825328899630521,equivalence_not_established,False
CKKS,8192,5,encrypt,1.6966312000000001,100,1.73833,10,0.041698799999999814,0.1,0.16966312000000003,0.018974139560097584,13.856718145366125,0.008255021032154884,0.07514257896784474,1.340962862379273e-08,4.959218911216443e-06,equivalent_within_margin,False
