library,scheme,N,category,scenario,operation,vec_len,slot_count,metric,mean,std,ci_low,ci_high,median,iqr_low,iqr_high,flag
SEAL,BFV,8192,1,composite,rotate,,,latency_ms,1.9017414,0.030747437538629456,1.8956404413218007,1.9078423586781992,1.895445,1.8816799999999998,1.91465,
SEAL,BFV,8192,1,composite,rotate,,,galois_keygen_ms,5.16939,,,,,,,n=1_invocation_not_repeated
SEAL,BFV,8192,1,composite,rotate,,,galois_keys_size_bytes,1638795,,,,,,,n=1_invocation_not_repeated
SEAL,BFV,8192,1,composite,rotate,,,energy_pkg_j_per_op,0.18576483809523808,,,,,,,n=1_invocation_not_repeated
SEAL,BFV,8192,1,composite,rotate,,,peak_memory_mb,20.6171875,,,,,,,n=1_invocation_not_repeated
SEAL,BGV,8192,1,composite,rotate,,,latency_ms,2.2673799,0.11146943742473933,2.245261945267803,2.289497854732197,2.23865,2.2245075,2.27395,
SEAL,BGV,8192,1,composite,rotate,,,galois_keygen_ms,5.36582,,,,,,,n=1_invocation_not_repeated
SEAL,BGV,8192,1,composite,rotate,,,galois_keys_size_bytes,1638795,,,,,,,n=1_invocation_not_repeated
SEAL,BGV,8192,1,composite,rotate,,,energy_pkg_j_per_op,0.21663715238095238,,,,,,,n=1_invocation_not_repeated
SEAL,BGV,8192,1,composite,rotate,,,peak_memory_mb,20.5703125,,,,,,,n=1_invocation_not_repeated
SEAL,CKKS,8192,1,composite,rotate,,,latency_ms,1.9000145,0.03951309677713443,1.8921742443565135,1.9078547556434864,1.89188,1.8728224999999998,1.9185875000000001,
SEAL,CKKS,8192,1,composite,rotate,,,galois_keygen_ms,5.18041,,,,,,,n=1_invocation_not_repeated
SEAL,CKKS,8192,1,composite,rotate,,,galois_keys_size_bytes,1638795,,,,,,,n=1_invocation_not_repeated
SEAL,CKKS,8192,1,composite,rotate,,,energy_pkg_j_per_op,0.21755277142857143,,,,,,,n=1_invocation_not_repeated
SEAL,CKKS,8192,1,composite,rotate,,,peak_memory_mb,20.06640625,,,,,,,n=1_invocation_not_repeated
SEAL,BFV,8192,1,composite,poly_eval,,,latency_ms,10.179566,0.10703644354361118,10.158327647428324,10.200804352571675,10.161950000000001,10.092875,10.261,
SEAL,BFV,8192,1,composite,poly_eval,,,energy_pkg_j_per_op,0.376627019047619,,,,,,,n=1_invocation_not_repeated
SEAL,BFV,8192,1,composite,poly_eval,,,peak_memory_mb,21.984375,,,,,,,n=1_invocation_not_repeated
SEAL,BGV,8192,1,composite,poly_eval,,,latency_ms,3.6559552,0.23089451977380443,3.6101407179836413,3.701769682016359,3.601045,3.5687274999999996,3.6357500000000003,HIGH_VARIANCE
SEAL,BGV,8192,1,composite,poly_eval,,,energy_pkg_j_per_op,0.26732422857142857,,,,,,,n=1_invocation_not_repeated
SEAL,BGV,8192,1,composite,poly_eval,,,peak_memory_mb,18.91796875,,,,,,,n=1_invocation_not_repeated
SEAL,CKKS,8192,1,composite,poly_eval,,,latency_ms,2.5582767,0.1266889266808487,2.5331388684101572,2.5834145315898427,2.532245,2.51684,2.5606424999999997,
SEAL,CKKS,8192,1,composite,poly_eval,,,energy_pkg_j_per_op,0.23084568571428574,,,,,,,n=1_invocation_not_repeated
SEAL,CKKS,8192,1,composite,poly_eval,,,peak_memory_mb,18.4765625,,,,,,,n=1_invocation_not_repeated
SEAL,BFV,8192,1,composite,dot_product,512,8192,latency_ms,27.77911,0.2732119026275643,27.724898831143122,27.833321168856877,27.69,27.572025,27.934600000000003,
SEAL,BFV,8192,1,composite,dot_product,512,8192,noise_budget_bits,73.56,0.9777318630174614,73.36599678632946,73.75400321367054,73.0,73.0,74.0,
SEAL,BFV,8192,1,composite,dot_product,512,8192,energy_pkg_j_per_op,0.8471590380952382,,,,,,,n=1_invocation_not_repeated
SEAL,BFV,8192,1,composite,dot_product,512,8192,peak_memory_mb,36.75390625,,,,,,,n=1_invocation_not_repeated
SEAL,BFV,8192,1,composite,dot_product,64,8192,latency_ms,21.984294,0.9322214988906552,21.799321029926784,22.169266970073213,21.7023,21.480425,22.135749999999998,
SEAL,BFV,8192,1,composite,dot_product,64,8192,noise_budget_bits,76.44,0.7291893935852137,76.29531300443311,76.58468699556688,76.5,76.0,77.0,
SEAL,BFV,8192,1,composite,dot_product,64,8192,energy_pkg_j_per_op,0.7560546857142857,,,,,,,n=1_invocation_not_repeated
SEAL,BFV,8192,1,composite,dot_product,64,8192,peak_memory_mb,32.30078125,,,,,,,n=1_invocation_not_repeated
SEAL,BFV,8192,1,composite,dot_product,8,8192,latency_ms,15.818258,0.283882219914947,15.761929608699077,15.874586391300923,15.72365,15.649999999999999,15.8673,
SEAL,BFV,8192,1,composite,dot_product,8,8192,noise_budget_bits,78.81,0.3942772444036626,78.73176684080295,78.88823315919706,79.0,79.0,79.0,
SEAL,BFV,8192,1,composite,dot_product,8,8192,energy_pkg_j_per_op,0.6106305428571429,,,,,,,n=1_invocation_not_repeated
SEAL,BFV,8192,1,composite,dot_product,8,8192,peak_memory_mb,27.79296875,,,,,,,n=1_invocation_not_repeated
SEAL,BFV,8192,1,composite,dot_product,8192,8192,latency_ms,35.358174,0.23226111943241812,35.312088354962775,35.40425964503722,35.265950000000004,35.187125,35.50475,
SEAL,BFV,8192,1,composite,dot_product,8192,8192,noise_budget_bits,70.04,1.6509562579476675,69.71241446066526,70.36758553933475,70.0,69.0,71.0,
SEAL,BFV,8192,1,composite,dot_product,8192,8192,energy_pkg_j_per_op,0.9807165238095238,,,,,,,n=1_invocation_not_repeated
SEAL,BFV,8192,1,composite,dot_product,8192,8192,peak_memory_mb,42.7890625,,,,,,,n=1_invocation_not_repeated
SEAL,BGV,8192,1,composite,dot_product,512,8192,latency_ms,24.012994,2.889790382940841,23.43959689356374,24.58639110643626,23.124200000000002,23.0548,23.247825,HIGH_VARIANCE
SEAL,BGV,8192,1,composite,dot_product,512,8192,noise_budget_bits,68,0.0,68.0,68.0,68.0,68.0,68.0,
SEAL,BGV,8192,1,composite,dot_product,512,8192,energy_pkg_j_per_op,0.7867624952380953,,,,,,,n=1_invocation_not_repeated
SEAL,BGV,8192,1,composite,dot_product,512,8192,peak_memory_mb,33.97265625,,,,,,,n=1_invocation_not_repeated
SEAL,BGV,8192,1,composite,dot_product,64,8192,latency_ms,16.43386,0.7541070361826642,16.284228803549574,16.583491196450424,16.31825,16.263150000000003,16.4797,
SEAL,BGV,8192,1,composite,dot_product,64,8192,noise_budget_bits,69,0.0,69.0,69.0,69.0,69.0,69.0,
SEAL,BGV,8192,1,composite,dot_product,64,8192,energy_pkg_j_per_op,0.6298349809523809,,,,,,,n=1_invocation_not_repeated
SEAL,BGV,8192,1,composite,dot_product,64,8192,peak_memory_mb,29.58984375,,,,,,,n=1_invocation_not_repeated
SEAL,BGV,8192,1,composite,dot_product,8,8192,latency_ms,9.5257945,0.1286888363564524,9.50025984294216,9.55132915705784,9.509360000000001,9.44423,9.5749375,
SEAL,BGV,8192,1,composite,dot_product,8,8192,noise_budget_bits,72,0.0,72.0,72.0,72.0,72.0,72.0,
SEAL,BGV,8192,1,composite,dot_product,8,8192,energy_pkg_j_per_op,0.4715221904761905,,,,,,,n=1_invocation_not_repeated
SEAL,BGV,8192,1,composite,dot_product,8,8192,peak_memory_mb,24.7265625,,,,,,,n=1_invocation_not_repeated
SEAL,BGV,8192,1,composite,dot_product,8192,8192,latency_ms,32.375504,0.3234082993131849,32.3113327770219,32.439675222978096,32.29015,32.151525,32.4852,
SEAL,BGV,8192,1,composite,dot_product,8192,8192,noise_budget_bits,66.42,0.4960449637488582,66.32157391741805,66.51842608258195,66.0,66.0,67.0,
SEAL,BGV,8192,1,composite,dot_product,8192,8192,energy_pkg_j_per_op,0.9560247238095239,,,,,,,n=1_invocation_not_repeated
SEAL,BGV,8192,1,composite,dot_product,8192,8192,peak_memory_mb,40.28515625,,,,,,,n=1_invocation_not_repeated
SEAL,CKKS,8192,1,composite,dot_product,4096,4096,latency_ms,25.957036,1.692455976869237,25.62121601608823,26.292855983911767,25.56205,25.40935,25.9162,HIGH_VARIANCE
SEAL,CKKS,8192,1,composite,dot_product,4096,4096,energy_pkg_j_per_op,0.8135197904761905,,,,,,,n=1_invocation_not_repeated
SEAL,CKKS,8192,1,composite,dot_product,4096,4096,peak_memory_mb,37.6015625,,,,,,,n=1_invocation_not_repeated
SEAL,CKKS,8192,1,composite,dot_product,512,4096,latency_ms,20.17796,0.26278190250249034,20.125818369448442,20.230101630551555,20.1072,19.992425,20.321975,
SEAL,CKKS,8192,1,composite,dot_product,512,4096,energy_pkg_j_per_op,0.7213629333333333,,,,,,,n=1_invocation_not_repeated
SEAL,CKKS,8192,1,composite,dot_product,512,4096,peak_memory_mb,33.13671875,,,,,,,n=1_invocation_not_repeated
SEAL,CKKS,8192,1,composite,dot_product,64,4096,latency_ms,14.005665,0.1836643047612528,13.96922201730914,14.042107982690862,13.963049999999999,13.872500000000002,14.092500000000001,
SEAL,CKKS,8192,1,composite,dot_product,64,4096,energy_pkg_j_per_op,0.5446040857142856,,,,,,,n=1_invocation_not_repeated
SEAL,CKKS,8192,1,composite,dot_product,64,4096,peak_memory_mb,28.50390625,,,,,,,n=1_invocation_not_repeated
SEAL,CKKS,8192,1,composite,dot_product,8,4096,latency_ms,8.2023762,0.1024034107877745,8.182057141641463,8.222695258358536,8.19389,8.119845,8.264240000000001,
SEAL,CKKS,8192,1,composite,dot_product,8,4096,energy_pkg_j_per_op,0.4201037428571428,,,,,,,n=1_invocation_not_repeated
SEAL,CKKS,8192,1,composite,dot_product,8,4096,peak_memory_mb,23.80078125,,,,,,,n=1_invocation_not_repeated
