library,scheme,N,category,operation,galois_keygen_ms,galois_keys_size_bytes,iteration,latency_ms,status
SEAL,CKKS,8192,1,rotate,5.18041,1638795,0,2.09982,warmup
SEAL,CKKS,8192,1,rotate,5.18041,1638795,1,1.86743,warmup
SEAL,CKKS,8192,1,rotate,5.18041,1638795,2,1.8528,warmup
SEAL,CKKS,8192,1,rotate,5.18041,1638795,3,1.87086,warmup
SEAL,CKKS,8192,1,rotate,5.18041,1638795,4,2.00063,warmup
SEAL,CKKS,8192,1,rotate,5.18041,1638795,5,1.97711,measured
SEAL,CKKS,8192,1,rotate,5.18041,1638795,6,1.91129,measured
SEAL,CKKS,8192,1,rotate,5.18041,1638795,7,1.92448,measured
SEAL,CKKS,8192,1,rotate,5.18041,1638795,8,1.93442,measured
SEAL,CKKS,8192,1,rotate,5.18041,1638795,9,1.9273,measured
SEAL,CKKS,8192,1,rotate,5.18041,1638795,10,1.90191,measured
SEAL,CKKS,8192,1,rotate,5.18041,1638795,11,1.90156,measured
SEAL,CKKS,8192,1,rotate,5.18041,1638795,12,1.93596,measured
SEAL,CKKS,8192,1,rotate,5.18041,1638795,13,1.91525,measured
SEAL,CKKS,8192,1,rotate,5.18041,1638795,14,1.88702,measured
SEAL,CKKS,8192,1,rotate,5.18041,1638795,15,1.89563,measured
SEAL,CKKS,8192,1,rotate,5.18041,1638795,16,1.88923,measured
SEAL,CKKS,8192,1,rotate,5.18041,1638795,17,1.89822,measured
SEAL,CKKS,8192,1,rotate,5.18041,1638795,18,2.0736,measured
SEAL,CKKS,8192,1,rotate,5.18041,1638795,19,1.96143,measured
SEAL,CKKS,8192,1,rotate,5.18041,1638795,20,1.92872,measured
SEAL,CKKS,8192,1,rotate,5.18041,1638795,21,1.93088,measured
SEAL,CKKS,8192,1,rotate,5.18041,1638795,22,1.88381,measured
SEAL,CKKS,8192,1,rotate,5.18041,1638795,23,1.91278,measured
SEAL,CKKS,8192,1,rotate,5.18041,1638795,24,1.87794,measured
SEAL,CKKS,8192,1,rotate,5.18041,1638795,25,1.86816,measured
SEAL,CKKS,8192,1,rotate,5.18041,1638795,26,1.86677,measured
SEAL,CKKS,8192,1,rotate,5.18041,1638795,27,1.90202,measured
SEAL,CKKS,8192,1,rotate,5.18041,1638795,28,1.84796,measured
SEAL,CKKS,8192,1,rotate,5.18041,1638795,29,1.89058,measured
SEAL,CKKS,8192,1,rotate,5.18041,1638795,30,1.90168,measured
SEAL,CKKS,8192,1,rotate,5.18041,1638795,31,1.88878,measured
SEAL,CKKS,8192,1,rotate,5.18041,1638795,32,1.89733,measured
SEAL,CKKS,8192,1,rotate,5.18041,1638795,33,1.8734,measured
SEAL,CKKS,8192,1,rotate,5.18041,1638795,34,1.94711,measured
SEAL,CKKS,8192,1,rotate,5.18041,1638795,35,1.92368,measured
SEAL,CKKS,8192,1,rotate,5.18041,1638795,36,1.94587,measured
SEAL,CKKS,8192,1,rotate,5.18041,1638795,37,1.98292,measured
SEAL,CKKS,8192,1,rotate,5.18041,1638795,38,1.99544,measured
SEAL,CKKS,8192,1,rotate,5.18041,1638795,39,1.90387,measured
SEAL,CKKS,8192,1,rotate,5.18041,1638795,40,1.9521,measured
SEAL,CKKS,8192,1,rotate,5.18041,1638795,41,1.92095,measured
SEAL,CKKS,8192,1,rotate,5.18041,1638795,42,1.9233,measured
SEAL,CKKS,8192,1,rotate,5.18041,1638795,43,1.90135,measured
SEAL,CKKS,8192,1,rotate,5.18041,1638795,44,1.89619,measured
SEAL,CKKS,8192,1,rotate,5.18041,1638795,45,2.00729,measured
SEAL,CKKS,8192,1,rotate,5.18041,1638795,46,1.96854,measured
SEAL,CKKS,8192,1,rotate,5.18041,1638795,47,1.96854,measured
SEAL,CKKS,8192,1,rotate,5.18041,1638795,48,1.91518,measured
SEAL,CKKS,8192,1,rotate,5.18041,1638795,49,1.9178,measured
SEAL,CKKS,8192,1,rotate,5.18041,1638795,50,1.87073,measured
SEAL,CKKS,8192,1,rotate,5.18041,1638795,51,1.91118,measured
SEAL,CKKS,8192,1,rotate,5.18041,1638795,52,1.86108,measured
SEAL,CKKS,8192,1,rotate,5.18041,1638795,53,1.89971,measured
SEAL,CKKS,8192,1,rotate,5.18041,1638795,54,1.8786,measured
SEAL,CKKS,8192,1,rotate,5.18041,1638795,55,1.8902,measured
SEAL,CKKS,8192,1,rotate,5.18041,1638795,56,1.89211,measured
SEAL,CKKS,8192,1,rotate,5.18041,1638795,57,1.86224,measured
SEAL,CKKS,8192,1,rotate,5.18041,1638795,58,1.87817,measured
SEAL,CKKS,8192,1,rotate,5.18041,1638795,59,1.87082,measured
SEAL,CKKS,8192,1,rotate,5.18041,1638795,60,1.8979,measured
SEAL,CKKS,8192,1,rotate,5.18041,1638795,61,1.87495,measured
SEAL,CKKS,8192,1,rotate,5.18041,1638795,62,1.91471,measured
SEAL,CKKS,8192,1,rotate,5.18041,1638795,63,1.87686,measured
SEAL,CKKS,8192,1,rotate,5.18041,1638795,64,1.88654,measured
SEAL,CKKS,8192,1,rotate,5.18041,1638795,65,1.86666,measured
SEAL,CKKS,8192,1,rotate,5.18041,1638795,66,1.89165,measured
SEAL,CKKS,8192,1,rotate,5.18041,1638795,67,1.85945,measured
SEAL,CKKS,8192,1,rotate,5.18041,1638795,68,1.86664,measured
SEAL,CKKS,8192,1,rotate,5.18041,1638795,69,1.88535,measured
SEAL,CKKS,8192,1,rotate,5.18041,1638795,70,1.88371,measured
SEAL,CKKS,8192,1,rotate,5.18041,1638795,71,1.8574,measured
SEAL,CKKS,8192,1,rotate,5.18041,1638795,72,1.85051,measured
SEAL,CKKS,8192,1,rotate,5.18041,1638795,73,1.96665,measured
SEAL,CKKS,8192,1,rotate,5.18041,1638795,74,1.93719,measured
SEAL,CKKS,8192,1,rotate,5.18041,1638795,75,1.86909,measured
SEAL,CKKS,8192,1,rotate,5.18041,1638795,76,1.84409,measured
SEAL,CKKS,8192,1,rotate,5.18041,1638795,77,1.94028,measured
SEAL,CKKS,8192,1,rotate,5.18041,1638795,78,1.89486,measured
SEAL,CKKS,8192,1,rotate,5.18041,1638795,79,1.89063,measured
SEAL,CKKS,8192,1,rotate,5.18041,1638795,80,1.8798,measured
SEAL,CKKS,8192,1,rotate,5.18041,1638795,81,1.86509,measured
SEAL,CKKS,8192,1,rotate,5.18041,1638795,82,1.87851,measured
SEAL,CKKS,8192,1,rotate,5.18041,1638795,83,1.85403,measured
SEAL,CKKS,8192,1,rotate,5.18041,1638795,84,1.89716,measured
SEAL,CKKS,8192,1,rotate,5.18041,1638795,85,1.89953,measured
SEAL,CKKS,8192,1,rotate,5.18041,1638795,86,1.88576,measured
SEAL,CKKS,8192,1,rotate,5.18041,1638795,87,1.89122,measured
SEAL,CKKS,8192,1,rotate,5.18041,1638795,88,1.92616,measured
SEAL,CKKS,8192,1,rotate,5.18041,1638795,89,1.86836,measured
SEAL,CKKS,8192,1,rotate,5.18041,1638795,90,1.95324,measured
SEAL,CKKS,8192,1,rotate,5.18041,1638795,91,1.8927,measured
SEAL,CKKS,8192,1,rotate,5.18041,1638795,92,1.87109,measured
SEAL,CKKS,8192,1,rotate,5.18041,1638795,93,1.86331,measured
SEAL,CKKS,8192,1,rotate,5.18041,1638795,94,1.87544,measured
SEAL,CKKS,8192,1,rotate,5.18041,1638795,95,1.86542,measured
SEAL,CKKS,8192,1,rotate,5.18041,1638795,96,1.86332,measured
SEAL,CKKS,8192,1,rotate,5.18041,1638795,97,1.87777,measured
SEAL,CKKS,8192,1,rotate,5.18041,1638795,98,1.89787,measured
SEAL,CKKS,8192,1,rotate,5.18041,1638795,99,1.87562,measured
SEAL,CKKS,8192,1,rotate,5.18041,1638795,100,1.87997,measured
SEAL,CKKS,8192,1,rotate,5.18041,1638795,101,1.82438,measured
SEAL,CKKS,8192,1,rotate,5.18041,1638795,102,1.86824,measured
SEAL,CKKS,8192,1,rotate,5.18041,1638795,103,1.83439,measured
SEAL,CKKS,8192,1,rotate,5.18041,1638795,104,1.86776,measured
